"sample_id","condition","replicate","cluster_id","n_cells","prop_within_sample"
"Trem2_KO_5XFAD1","Trem2_KO_5XFAD",1,"22",57,0.00854444611002848
"Trem2_KO_5XFAD1","Trem2_KO_5XFAD",1,"13",201,0.0301304152301004
"Trem2_KO_5XFAD1","Trem2_KO_5XFAD",1,"16",99,0.0148403537700495
"Trem2_KO_5XFAD1","Trem2_KO_5XFAD",1,"25",33,0.00494678459001649
"Trem2_KO_5XFAD1","Trem2_KO_5XFAD",1,"17",47,0.00704542047669015
"Trem2_KO_5XFAD1","Trem2_KO_5XFAD",1,"23",72,0.010792984560036
"Trem2_KO_5XFAD1","Trem2_KO_5XFAD",1,"4",433,0.0649078099235497
"Trem2_KO_5XFAD1","Trem2_KO_5XFAD",1,"11",298,0.0446709638734822
"Trem2_KO_5XFAD1","Trem2_KO_5XFAD",1,"14",161,0.0241343126967471
"Trem2_KO_5XFAD1","Trem2_KO_5XFAD",1,"1",536,0.0803477739469345
"Trem2_KO_5XFAD1","Trem2_KO_5XFAD",1,"0",1174,0.17598560935392
"Trem2_KO_5XFAD1","Trem2_KO_5XFAD",1,"19",65,0.00974366661669915
"Trem2_KO_5XFAD1","Trem2_KO_5XFAD",1,"18",87,0.0130415230100435
"Trem2_KO_5XFAD1","Trem2_KO_5XFAD",1,"27",10,0.00149902563333833
"Trem2_KO_5XFAD1","Trem2_KO_5XFAD",1,"26",18,0.00269824614000899
"Trem2_KO_5XFAD1","Trem2_KO_5XFAD",1,"7",383,0.057412681756858
"Trem2_KO_5XFAD1","Trem2_KO_5XFAD",1,"15",147,0.0220356768100735
"Trem2_KO_5XFAD1","Trem2_KO_5XFAD",1,"24",51,0.00764503073002548
"Trem2_KO_5XFAD1","Trem2_KO_5XFAD",1,"5",442,0.0662569329935542
"Trem2_KO_5XFAD1","Trem2_KO_5XFAD",1,"2",539,0.080797481636936
"Trem2_KO_5XFAD1","Trem2_KO_5XFAD",1,"29",9,0.0013491230700045
"Trem2_KO_5XFAD1","Trem2_KO_5XFAD",1,"10",312,0.0467695997601559
"Trem2_KO_5XFAD1","Trem2_KO_5XFAD",1,"20",67,0.0100434717433668
"Trem2_KO_5XFAD1","Trem2_KO_5XFAD",1,"8",214,0.0320791485534403
"Trem2_KO_5XFAD1","Trem2_KO_5XFAD",1,"3",509,0.076300404736921
"Trem2_KO_5XFAD1","Trem2_KO_5XFAD",1,"28",19,0.00284814870334283
"Trem2_KO_5XFAD1","Trem2_KO_5XFAD",1,"9",244,0.0365762254534553
"Trem2_KO_5XFAD1","Trem2_KO_5XFAD",1,"30",2,0.000299805126667666
"Trem2_KO_5XFAD1","Trem2_KO_5XFAD",1,"6",379,0.0568130715035227
"Trem2_KO_5XFAD1","Trem2_KO_5XFAD",1,"21",63,0.00944386149003148
"Trem2_KO_5XFAD2","Trem2_KO_5XFAD",2,"16",135,0.0174599068804966
"Trem2_KO_5XFAD2","Trem2_KO_5XFAD",2,"25",33,0.00426797723745473
"Trem2_KO_5XFAD2","Trem2_KO_5XFAD",2,"13",216,0.0279358510087946
"Trem2_KO_5XFAD2","Trem2_KO_5XFAD",2,"11",323,0.0417744438696327
"Trem2_KO_5XFAD2","Trem2_KO_5XFAD",2,"17",242,0.0312984997413347
"Trem2_KO_5XFAD2","Trem2_KO_5XFAD",2,"26",20,0.00258665287118469
"Trem2_KO_5XFAD2","Trem2_KO_5XFAD",2,"7",396,0.0512157268494568
"Trem2_KO_5XFAD2","Trem2_KO_5XFAD",2,"15",148,0.0191412312467667
"Trem2_KO_5XFAD2","Trem2_KO_5XFAD",2,"14",246,0.0318158303155716
"Trem2_KO_5XFAD2","Trem2_KO_5XFAD",2,"23",44,0.00569063631660631
"Trem2_KO_5XFAD2","Trem2_KO_5XFAD",2,"22",63,0.00814795654423176
"Trem2_KO_5XFAD2","Trem2_KO_5XFAD",2,"21",85,0.0109932747025349
"Trem2_KO_5XFAD2","Trem2_KO_5XFAD",2,"10",316,0.0408691153647181
"Trem2_KO_5XFAD2","Trem2_KO_5XFAD",2,"1",591,0.0764355923435075
"Trem2_KO_5XFAD2","Trem2_KO_5XFAD",2,"0",1170,0.151319192964304
"Trem2_KO_5XFAD2","Trem2_KO_5XFAD",2,"19",137,0.0177185721676151
"Trem2_KO_5XFAD2","Trem2_KO_5XFAD",2,"18",101,0.0130625969994827
"Trem2_KO_5XFAD2","Trem2_KO_5XFAD",2,"27",26,0.00336264873254009
"Trem2_KO_5XFAD2","Trem2_KO_5XFAD",2,"8",447,0.0578116916709778
"Trem2_KO_5XFAD2","Trem2_KO_5XFAD",2,"4",531,0.0686756337299534
"Trem2_KO_5XFAD2","Trem2_KO_5XFAD",2,"29",7,0.00090532850491464
"Trem2_KO_5XFAD2","Trem2_KO_5XFAD",2,"24",25,0.00323331608898086
"Trem2_KO_5XFAD2","Trem2_KO_5XFAD",2,"5",475,0.0614330056906363
"Trem2_KO_5XFAD2","Trem2_KO_5XFAD",2,"2",568,0.0734609415416451
"Trem2_KO_5XFAD2","Trem2_KO_5XFAD",2,"3",547,0.0707449560269012
"Trem2_KO_5XFAD2","Trem2_KO_5XFAD",2,"30",3,0.000387997930677703
"Trem2_KO_5XFAD2","Trem2_KO_5XFAD",2,"20",102,0.0131919296430419
"Trem2_KO_5XFAD2","Trem2_KO_5XFAD",2,"28",11,0.00142265907915158
"Trem2_KO_5XFAD2","Trem2_KO_5XFAD",2,"9",272,0.0351784790481117
"Trem2_KO_5XFAD2","Trem2_KO_5XFAD",2,"6",452,0.0584583548887739
"Trem2_KO_5XFAD3","Trem2_KO_5XFAD",3,"15",143,0.023001447643558
"Trem2_KO_5XFAD3","Trem2_KO_5XFAD",3,"24",35,0.00562972494772398
"Trem2_KO_5XFAD3","Trem2_KO_5XFAD",3,"16",96,0.0154415312851858
"Trem2_KO_5XFAD3","Trem2_KO_5XFAD",3,"11",177,0.0284703233070613
"Trem2_KO_5XFAD3","Trem2_KO_5XFAD",3,"21",38,0.00611227280038604
"Trem2_KO_5XFAD3","Trem2_KO_5XFAD",3,"13",207,0.0332958018336818
"Trem2_KO_5XFAD3","Trem2_KO_5XFAD",3,"0",1018,0.163744571336658
"Trem2_KO_5XFAD3","Trem2_KO_5XFAD",3,"19",100,0.0160849284220685
"Trem2_KO_5XFAD3","Trem2_KO_5XFAD",3,"18",52,0.00836416277947563
"Trem2_KO_5XFAD3","Trem2_KO_5XFAD",3,"17",20,0.0032169856844137
"Trem2_KO_5XFAD3","Trem2_KO_5XFAD",3,"26",16,0.00257358854753096
"Trem2_KO_5XFAD3","Trem2_KO_5XFAD",3,"25",36,0.00579057423194467
"Trem2_KO_5XFAD3","Trem2_KO_5XFAD",3,"6",390,0.0627312208460672
"Trem2_KO_5XFAD3","Trem2_KO_5XFAD",3,"14",156,0.0250924883384269
"Trem2_KO_5XFAD3","Trem2_KO_5XFAD",3,"23",19,0.00305613640019302
"Trem2_KO_5XFAD3","Trem2_KO_5XFAD",3,"22",60,0.00965095705324111
"Trem2_KO_5XFAD3","Trem2_KO_5XFAD",3,"30",1,0.000160849284220685
"Trem2_KO_5XFAD3","Trem2_KO_5XFAD",3,"10",200,0.032169856844137
"Trem2_KO_5XFAD3","Trem2_KO_5XFAD",3,"1",602,0.0968312691008525
"Trem2_KO_5XFAD3","Trem2_KO_5XFAD",3,"2",512,0.0823548335209908
"Trem2_KO_5XFAD3","Trem2_KO_5XFAD",3,"29",2,0.00032169856844137
"Trem2_KO_5XFAD3","Trem2_KO_5XFAD",3,"28",14,0.00225188997908959
"Trem2_KO_5XFAD3","Trem2_KO_5XFAD",3,"27",22,0.00353868425285507
"Trem2_KO_5XFAD3","Trem2_KO_5XFAD",3,"8",252,0.0405340196236127
"Trem2_KO_5XFAD3","Trem2_KO_5XFAD",3,"7",234,0.0376387325076403
"Trem2_KO_5XFAD3","Trem2_KO_5XFAD",3,"5",425,0.0683609457937912
"Trem2_KO_5XFAD3","Trem2_KO_5XFAD",3,"4",503,0.0809071899630047
"Trem2_KO_5XFAD3","Trem2_KO_5XFAD",3,"20",76,0.0122245456007721
"Trem2_KO_5XFAD3","Trem2_KO_5XFAD",3,"3",566,0.0910406948689078
"Trem2_KO_5XFAD3","Trem2_KO_5XFAD",3,"9",245,0.0394080746340679
"Trem2_KO1","Trem2_KO",1,"0",1091,0.166387067256367
"Trem2_KO1","Trem2_KO",1,"9",222,0.0338569467744395
"Trem2_KO1","Trem2_KO",1,"8",212,0.0323318590818972
"Trem2_KO1","Trem2_KO",1,"7",453,0.0690864724721671
"Trem2_KO1","Trem2_KO",1,"16",89,0.0135732804636267
"Trem2_KO1","Trem2_KO",1,"6",373,0.0568857709318286
"Trem2_KO1","Trem2_KO",1,"5",410,0.0625285953942352
"Trem2_KO1","Trem2_KO",1,"4",460,0.0701540338569468
"Trem2_KO1","Trem2_KO",1,"13",202,0.0308067713893549
"Trem2_KO1","Trem2_KO",1,"22",72,0.0109806313863047
"Trem2_KO1","Trem2_KO",1,"11",316,0.0481927710843374
"Trem2_KO1","Trem2_KO",1,"10",303,0.0462101570840323
"Trem2_KO1","Trem2_KO",1,"1",598,0.0912002440140308
"Trem2_KO1","Trem2_KO",1,"2",507,0.0773219460118957
"Trem2_KO1","Trem2_KO",1,"19",41,0.00625285953942352
"Trem2_KO1","Trem2_KO",1,"18",65,0.00991307000152509
"Trem2_KO1","Trem2_KO",1,"17",13,0.00198261400030502
"Trem2_KO1","Trem2_KO",1,"26",23,0.00350770169284734
"Trem2_KO1","Trem2_KO",1,"25",30,0.00457526307762696
"Trem2_KO1","Trem2_KO",1,"15",147,0.0224187890803721
"Trem2_KO1","Trem2_KO",1,"14",183,0.0279091047735245
"Trem2_KO1","Trem2_KO",1,"23",53,0.0080829647704743
"Trem2_KO1","Trem2_KO",1,"3",513,0.0782369986274211
"Trem2_KO1","Trem2_KO",1,"29",12,0.00183010523105079
"Trem2_KO1","Trem2_KO",1,"21",43,0.00655787707793198
"Trem2_KO1","Trem2_KO",1,"20",76,0.0115906664633216
"Trem2_KO1","Trem2_KO",1,"30",1,0.000152508769254232
"Trem2_KO1","Trem2_KO",1,"28",10,0.00152508769254232
"Trem2_KO1","Trem2_KO",1,"27",13,0.00198261400030502
"Trem2_KO1","Trem2_KO",1,"24",26,0.00396522800061003
"Trem2_KO2","Trem2_KO",2,"5",525,0.0657400450788881
"Trem2_KO2","Trem2_KO",2,"11",282,0.0353117956423742
"Trem2_KO2","Trem2_KO",2,"4",582,0.072877535687453
"Trem2_KO2","Trem2_KO",2,"6",430,0.0538442273979464
"Trem2_KO2","Trem2_KO",2,"0",1264,0.158276984723266
"Trem2_KO2","Trem2_KO",2,"9",297,0.0371900826446281
"Trem2_KO2","Trem2_KO",2,"8",494,0.0618582519408966
"Trem2_KO2","Trem2_KO",2,"7",435,0.0544703230653644
"Trem2_KO2","Trem2_KO",2,"16",112,0.0140245429501628
"Trem2_KO2","Trem2_KO",2,"25",30,0.00375657400450789
"Trem2_KO2","Trem2_KO",2,"15",152,0.0190333082895066
"Trem2_KO2","Trem2_KO",2,"14",230,0.0288004007012271
"Trem2_KO2","Trem2_KO",2,"13",270,0.033809166040571
"Trem2_KO2","Trem2_KO",2,"22",78,0.00976709241172051
"Trem2_KO2","Trem2_KO",2,"21",69,0.00864012021036814
"Trem2_KO2","Trem2_KO",2,"10",312,0.039068369646882
"Trem2_KO2","Trem2_KO",2,"1",698,0.0874029551715502
"Trem2_KO2","Trem2_KO",2,"2",598,0.0748810418231906
"Trem2_KO2","Trem2_KO",2,"19",62,0.00776358627598297
"Trem2_KO2","Trem2_KO",2,"18",112,0.0140245429501628
"Trem2_KO2","Trem2_KO",2,"17",57,0.00713749060856499
"Trem2_KO2","Trem2_KO",2,"26",32,0.00400701227147508
"Trem2_KO2","Trem2_KO",2,"3",626,0.0783871775607313
"Trem2_KO2","Trem2_KO",2,"29",10,0.00125219133483596
"Trem2_KO2","Trem2_KO",2,"24",50,0.00626095667417982
"Trem2_KO2","Trem2_KO",2,"23",42,0.00525920360631104
"Trem2_KO2","Trem2_KO",2,"30",3,0.000375657400450789
"Trem2_KO2","Trem2_KO",2,"20",98,0.0122714750813924
"Trem2_KO2","Trem2_KO",2,"28",10,0.00125219133483596
"Trem2_KO2","Trem2_KO",2,"27",26,0.0032556974705735
"Trem2_KO3","Trem2_KO",3,"8",565,0.0710781230343439
"Trem2_KO3","Trem2_KO",3,"9",268,0.0337149326959366
"Trem2_KO3","Trem2_KO",3,"15",190,0.023902377657567
"Trem2_KO3","Trem2_KO",3,"7",447,0.0562334884891181
"Trem2_KO3","Trem2_KO",3,"6",464,0.058372122279532
"Trem2_KO3","Trem2_KO",3,"11",345,0.0434016857466348
"Trem2_KO3","Trem2_KO",3,"5",461,0.0579947163165178
"Trem2_KO3","Trem2_KO",3,"4",512,0.0644106176877595
"Trem2_KO3","Trem2_KO",3,"30",5,0.000629009938357026
"Trem2_KO3","Trem2_KO",3,"0",1224,0.1539816329098
"Trem2_KO3","Trem2_KO",3,"19",100,0.0125801987671405
"Trem2_KO3","Trem2_KO",3,"18",73,0.00918354510001258
"Trem2_KO3","Trem2_KO",3,"17",31,0.00389986161781356
"Trem2_KO3","Trem2_KO",3,"16",105,0.0132092087054975
"Trem2_KO3","Trem2_KO",3,"25",35,0.00440306956849918
"Trem2_KO3","Trem2_KO",3,"24",40,0.00503207950685621
"Trem2_KO3","Trem2_KO",3,"14",266,0.0334633287205938
"Trem2_KO3","Trem2_KO",3,"13",229,0.0288086551767518
"Trem2_KO3","Trem2_KO",3,"22",61,0.00767392124795572
"Trem2_KO3","Trem2_KO",3,"21",100,0.0125801987671405
"Trem2_KO3","Trem2_KO",3,"10",442,0.0556044785507611
"Trem2_KO3","Trem2_KO",3,"1",649,0.081645489998742
"Trem2_KO3","Trem2_KO",3,"2",616,0.0774940244055856
"Trem2_KO3","Trem2_KO",3,"29",10,0.00125801987671405
"Trem2_KO3","Trem2_KO",3,"28",13,0.00163542583972827
"Trem2_KO3","Trem2_KO",3,"27",22,0.00276764372877091
"Trem2_KO3","Trem2_KO",3,"26",20,0.0025160397534281
"Trem2_KO3","Trem2_KO",3,"3",535,0.0673040634042018
"Trem2_KO3","Trem2_KO",3,"23",52,0.00654170335891307
"Trem2_KO3","Trem2_KO",3,"20",69,0.00868033714932696
"WT_5XFAD1","WT_5XFAD",1,"16",104,0.0155758574209975
"WT_5XFAD1","WT_5XFAD",1,"22",58,0.00868653586940243
"WT_5XFAD1","WT_5XFAD",1,"13",200,0.0299535719634566
"WT_5XFAD1","WT_5XFAD",1,"17",34,0.00509210723378763
"WT_5XFAD1","WT_5XFAD",1,"1",584,0.0874644301332934
"WT_5XFAD1","WT_5XFAD",1,"0",1091,0.163396735060656
"WT_5XFAD1","WT_5XFAD",1,"14",147,0.0220158753931406
"WT_5XFAD1","WT_5XFAD",1,"23",51,0.00763816085068144
"WT_5XFAD1","WT_5XFAD",1,"8",115,0.0172233038789876
"WT_5XFAD1","WT_5XFAD",1,"7",371,0.0555638759922121
"WT_5XFAD1","WT_5XFAD",1,"15",137,0.0205181967949678
"WT_5XFAD1","WT_5XFAD",1,"18",87,0.0130298038041036
"WT_5XFAD1","WT_5XFAD",1,"5",429,0.0642504118616145
"WT_5XFAD1","WT_5XFAD",1,"4",464,0.0694922869552194
"WT_5XFAD1","WT_5XFAD",1,"11",280,0.0419350007488393
"WT_5XFAD1","WT_5XFAD",1,"24",33,0.00494233937397035
"WT_5XFAD1","WT_5XFAD",1,"10",366,0.0548150366931257
"WT_5XFAD1","WT_5XFAD",1,"20",71,0.0106335180470271
"WT_5XFAD1","WT_5XFAD",1,"2",509,0.0762318406469972
"WT_5XFAD1","WT_5XFAD",1,"19",49,0.00733862513104688
"WT_5XFAD1","WT_5XFAD",1,"9",486,0.0727871798711996
"WT_5XFAD1","WT_5XFAD",1,"27",9,0.00134791073835555
"WT_5XFAD1","WT_5XFAD",1,"26",15,0.00224651789725925
"WT_5XFAD1","WT_5XFAD",1,"25",12,0.0017972143178074
"WT_5XFAD1","WT_5XFAD",1,"6",408,0.0611052868054515
"WT_5XFAD1","WT_5XFAD",1,"30",2,0.000299535719634566
"WT_5XFAD1","WT_5XFAD",1,"3",509,0.0762318406469972
"WT_5XFAD1","WT_5XFAD",1,"21",23,0.00344466077579751
"WT_5XFAD1","WT_5XFAD",1,"28",22,0.00329489291598023
"WT_5XFAD1","WT_5XFAD",1,"29",11,0.00164744645799012
"WT_5XFAD2","WT_5XFAD",2,"13",126,0.0321346595256312
"WT_5XFAD2","WT_5XFAD",2,"25",16,0.00408059168579444
"WT_5XFAD2","WT_5XFAD",2,"16",53,0.0135169599591941
"WT_5XFAD2","WT_5XFAD",2,"26",12,0.00306044376434583
"WT_5XFAD2","WT_5XFAD",2,"4",352,0.0897730170874777
"WT_5XFAD2","WT_5XFAD",2,"11",100,0.0255036980362153
"WT_5XFAD2","WT_5XFAD",2,"17",206,0.0525376179546034
"WT_5XFAD2","WT_5XFAD",2,"14",106,0.0270339199183882
"WT_5XFAD2","WT_5XFAD",2,"1",382,0.0974241264983423
"WT_5XFAD2","WT_5XFAD",2,"0",555,0.141545524100995
"WT_5XFAD2","WT_5XFAD",2,"18",54,0.0137719969395562
"WT_5XFAD2","WT_5XFAD",2,"27",3,0.000765110941086458
"WT_5XFAD2","WT_5XFAD",2,"8",128,0.0326447334863555
"WT_5XFAD2","WT_5XFAD",2,"7",120,0.0306044376434583
"WT_5XFAD2","WT_5XFAD",2,"15",97,0.0247385870951288
"WT_5XFAD2","WT_5XFAD",2,"24",13,0.00331548074470798
"WT_5XFAD2","WT_5XFAD",2,"5",174,0.0443764345830145
"WT_5XFAD2","WT_5XFAD",2,"23",10,0.00255036980362153
"WT_5XFAD2","WT_5XFAD",2,"22",40,0.0102014792144861
"WT_5XFAD2","WT_5XFAD",2,"21",12,0.00306044376434583
"WT_5XFAD2","WT_5XFAD",2,"10",72,0.018362662586075
"WT_5XFAD2","WT_5XFAD",2,"20",65,0.0165774037235399
"WT_5XFAD2","WT_5XFAD",2,"2",366,0.0933435348125478
"WT_5XFAD2","WT_5XFAD",2,"19",22,0.00561081356796736
"WT_5XFAD2","WT_5XFAD",2,"9",247,0.0629941341494517
"WT_5XFAD2","WT_5XFAD",2,"28",11,0.00280540678398368
"WT_5XFAD2","WT_5XFAD",2,"3",329,0.0839071665391482
"WT_5XFAD2","WT_5XFAD",2,"6",249,0.063504208110176
"WT_5XFAD2","WT_5XFAD",2,"29",1,0.000255036980362153
"WT_5XFAD3","WT_5XFAD",3,"16",108,0.0142555438225977
"WT_5XFAD3","WT_5XFAD",3,"13",250,0.0329989440337909
"WT_5XFAD3","WT_5XFAD",3,"15",153,0.02019535374868
"WT_5XFAD3","WT_5XFAD",3,"0",1192,0.157338965153115
"WT_5XFAD3","WT_5XFAD",3,"11",251,0.0331309398099261
"WT_5XFAD3","WT_5XFAD",3,"17",47,0.00620380147835269
"WT_5XFAD3","WT_5XFAD",3,"7",394,0.0520063357972545
"WT_5XFAD3","WT_5XFAD",3,"6",433,0.0571541710665259
"WT_5XFAD3","WT_5XFAD",3,"14",245,0.0323389651531151
"WT_5XFAD3","WT_5XFAD",3,"4",530,0.0699577613516367
"WT_5XFAD3","WT_5XFAD",3,"30",2,0.000263991552270327
"WT_5XFAD3","WT_5XFAD",3,"10",349,0.0460665258711721
"WT_5XFAD3","WT_5XFAD",3,"1",543,0.0716737064413939
"WT_5XFAD3","WT_5XFAD",3,"2",545,0.0719376979936642
"WT_5XFAD3","WT_5XFAD",3,"19",114,0.0150475184794087
"WT_5XFAD3","WT_5XFAD",3,"18",68,0.00897571277719113
"WT_5XFAD3","WT_5XFAD",3,"27",31,0.00409186906019007
"WT_5XFAD3","WT_5XFAD",3,"8",285,0.0376187961985216
"WT_5XFAD3","WT_5XFAD",3,"26",20,0.00263991552270327
"WT_5XFAD3","WT_5XFAD",3,"25",39,0.00514783526927138
"WT_5XFAD3","WT_5XFAD",3,"24",47,0.00620380147835269
"WT_5XFAD3","WT_5XFAD",3,"5",412,0.0543822597676874
"WT_5XFAD3","WT_5XFAD",3,"23",50,0.00659978880675818
"WT_5XFAD3","WT_5XFAD",3,"22",53,0.00699577613516367
"WT_5XFAD3","WT_5XFAD",3,"21",68,0.00897571277719113
"WT_5XFAD3","WT_5XFAD",3,"20",95,0.0125395987328405
"WT_5XFAD3","WT_5XFAD",3,"3",508,0.0670538542766631
"WT_5XFAD3","WT_5XFAD",3,"29",8,0.00105596620908131
"WT_5XFAD3","WT_5XFAD",3,"28",25,0.00329989440337909
"WT_5XFAD3","WT_5XFAD",3,"9",711,0.0938489968321014
"WT1","WT",1,"22",87,0.00886037274671555
"WT1","WT",1,"25",37,0.00376820450147673
"WT1","WT",1,"13",287,0.0292290457276708
"WT1","WT",1,"16",127,0.0129341073429066
"WT1","WT",1,"4",712,0.0725124758122008
"WT1","WT",1,"14",299,0.0304511661065282
"WT1","WT",1,"23",67,0.00682350544862002
"WT1","WT",1,"0",1452,0.147876565841735
"WT1","WT",1,"19",153,0.0155820348304308
"WT1","WT",1,"18",147,0.0149709746410021
"WT1","WT",1,"17",262,0.0266829616050514
"WT1","WT",1,"26",40,0.00407373459619106
"WT1","WT",1,"7",537,0.054689886953865
"WT1","WT",1,"15",203,0.0206742030756696
"WT1","WT",1,"24",46,0.00468479478561972
"WT1","WT",1,"5",668,0.0680313677563907
"WT1","WT",1,"2",797,0.0811691618291068
"WT1","WT",1,"11",387,0.0394133822181485
"WT1","WT",1,"10",207,0.0210815765352887
"WT1","WT",1,"1",797,0.0811691618291068
"WT1","WT",1,"8",565,0.0575415011711987
"WT1","WT",1,"29",13,0.00132396374376209
"WT1","WT",1,"28",12,0.00122212037885732
"WT1","WT",1,"27",19,0.00193502393319075
"WT1","WT",1,"20",110,0.0112027701395254
"WT1","WT",1,"3",756,0.076993583868011
"WT1","WT",1,"6",549,0.0559120073327223
"WT1","WT",1,"9",352,0.0358488644464813
"WT1","WT",1,"30",7,0.000712903554333435
"WT1","WT",1,"21",124,0.0126285772481923
"WT2","WT",2,"16",113,0.0168581232284052
"WT2","WT",2,"25",28,0.00417723407429509
"WT2","WT",2,"17",49,0.00731015963001641
"WT2","WT",2,"11",302,0.0450544532298971
"WT2","WT",2,"7",416,0.0620617633895271
"WT2","WT",2,"14",211,0.031478442488438
"WT2","WT",2,"26",22,0.00328211248694614
"WT2","WT",2,"22",53,0.00790690735491571
"WT2","WT",2,"21",83,0.0123825152916605
"WT2","WT",2,"10",310,0.0462479486796957
"WT2","WT",2,"13",214,0.0319260032821125
"WT2","WT",2,"0",1095,0.163359689691183
"WT2","WT",2,"19",86,0.0128300760853349
"WT2","WT",2,"18",94,0.0140235715351335
"WT2","WT",2,"27",14,0.00208861703714755
"WT2","WT",2,"8",279,0.0416231538117261
"WT2","WT",2,"4",476,0.0710129792630166
"WT2","WT",2,"15",121,0.0180516186782038
"WT2","WT",2,"24",32,0.00477398179919439
"WT2","WT",2,"23",77,0.0114873937043115
"WT2","WT",2,"2",477,0.0711621661942414
"WT2","WT",2,"29",8,0.0011934954497986
"WT2","WT",2,"30",5,0.000745934656124124
"WT2","WT",2,"1",534,0.0796658212740564
"WT2","WT",2,"5",447,0.0666865582574966
"WT2","WT",2,"3",475,0.0708637923317917
"WT2","WT",2,"28",19,0.00283455169327167
"WT2","WT",2,"9",217,0.032373564075787
"WT2","WT",2,"20",67,0.00999552439206326
"WT2","WT",2,"6",379,0.0565418469342086
"WT3","WT",3,"15",131,0.0167948717948718
"WT3","WT",3,"24",63,0.00807692307692308
"WT3","WT",3,"11",355,0.0455128205128205
"WT3","WT",3,"21",78,0.01
"WT3","WT",3,"0",1320,0.169230769230769
"WT3","WT",3,"19",81,0.0103846153846154
"WT3","WT",3,"17",71,0.0091025641025641
"WT3","WT",3,"16",126,0.0161538461538462
"WT3","WT",3,"25",19,0.00243589743589744
"WT3","WT",3,"6",408,0.0523076923076923
"WT3","WT",3,"14",230,0.0294871794871795
"WT3","WT",3,"13",212,0.0271794871794872
"WT3","WT",3,"22",74,0.00948717948717949
"WT3","WT",3,"30",1,0.000128205128205128
"WT3","WT",3,"10",449,0.0575641025641026
"WT3","WT",3,"1",755,0.0967948717948718
"WT3","WT",3,"2",533,0.0683333333333333
"WT3","WT",3,"29",19,0.00243589743589744
"WT3","WT",3,"18",106,0.0135897435897436
"WT3","WT",3,"27",14,0.00179487179487179
"WT3","WT",3,"26",15,0.00192307692307692
"WT3","WT",3,"7",469,0.0601282051282051
"WT3","WT",3,"28",13,0.00166666666666667
"WT3","WT",3,"23",44,0.00564102564102564
"WT3","WT",3,"4",486,0.0623076923076923
"WT3","WT",3,"20",76,0.00974358974358974
"WT3","WT",3,"3",606,0.0776923076923077
"WT3","WT",3,"9",232,0.0297435897435897
"WT3","WT",3,"8",277,0.0355128205128205
"WT3","WT",3,"5",537,0.0688461538461538
